,TICKER,COMPANY,SECTOR,YEAR,TOBIN_Q_RATIO,ESG_SCORE,E_SUSTAINABLE_PRODUCT_ISSUE_SCORE,E_ENVIRON_AIR_QUALITY_ISSUE_SCORE,E_CLIMATE_EXPOS_ISSUE_SCORE,E_ECOLOGICAL_IMPACT_ISSUE_SCORE,E_ENERGY_MANAGEMENT_ISSUE_SCORE,E_GHG_EMISSIONS_MNGT_ISSUE_SCORE,E_WATER_MANAGEMENT_ISSUE_SCORE,E_WASTE_MANAGEMENT_ISSUE_SCORE,S_SOCIAL_SPPL_CHN_MGMT_ISSUE_SCORE,S_LABOR_EMPLYMNT_PRACT_ISSUE_SCORE,S_PRODUCT_QUALITY_MNGT_ISSUE_SCORE,S_DATA_SEC_CSTMR_PRIVCY_ISSUE_SCR,S_COMM_RIGHTS_RELATION_ISSUE_SCORE,G_BOARD_COMPOSITION_SCORE,G_EXECUTIVE_COMPENSATION_SCORE,G_SHAREHOLDER_RIGHTS_THEME_SCR,G_AUDIT_THEME_SCORE,FUND_CRNCY_ADJ_MKT_CAP,FUND_TOT_DEBT_TO_TOT_EQY,FUND_BS_TOT_ASSET,FUND_NET_DEBT_EBITDA_ADJUSTED,FUND_RETURN_ON_ASSET,FUND_RETURN_COM_EQY,MACRO_INFLATION,MACRO_UNEMPLOYMENT,MACRO_GDP_GROWTH,MACRO_PMI
0,MTEL IJ Equity,DAYAMITRA TELEKOMUNIKASI TBK,Communication Services,2021,1.6179327078920134,1.559999942779541,0.0,0.4458194077014923,0.0,0.0,1.694684386253357,1.6877260208129883,0.0,10.0,0.0,3.99928617477417,0.0,0.0,0.0,4.68379545211792,1.5159375667572021,6.33203649520874,4.979921817779541,3366.6662588999448,59.320650696412315,4054.2396436547515,2.5907109775171824,3.327340068998862,6.606612182043838,1.87,6.49,3.703,53.5
1,MTEL IJ Equity,DAYAMITRA TELEKOMUNIKASI TBK,Communication Services,2022,1.5763321455216608,1.8899999856948853,0.0,0.7096297144889832,0.0,0.0,1.5541318655014038,2.8865976333618164,0.0,10.0,0.0,2.0,0.0,0.0,0.0,4.452629566192627,1.6529130935668945,5.200429916381836,4.979921817779541,3366.2552638124885,51.79503607462668,3615.8869390597793,2.5907109775171824,3.137205250609715,5.292771876797773,5.51,5.86,5.307,50.9
2,MTEL IJ Equity,DAYAMITRA TELEKOMUNIKASI TBK,Communication Services,2023,1.4246502266846337,2.130000114440918,0.0,1.503520131111145,0.0,0.0,1.7324934005737305,3.343822717666626,0.0,10.0,0.0,2.0,0.0,0.0,0.0,5.403525352478027,2.2478604316711426,5.200429916381836,4.979921817779541,3366.4607488121105,54.035255531609174,3703.8804573804578,2.5907109775171824,3.5555323899536946,5.9262340171058305,2.61,5.32,5.048,52.2
3,ISAT IJ Equity,INDOSAT TBK PT,Communication Services,2018,0.9620259364736876,2.609999895095825,0.0,1.159096598625183,0.0,1.5,1.5,2.432539224624634,0.0,10.0,0.0,2.3948147296905518,0.0,4.323793888092041,0.0,4.958662509918213,2.9172747135162354,5.200429916381836,4.3238139152526855,4625.535902105585,205.54551172203398,3683.3428294170653,1.9457704465177963,-4.631654103592265,-19.100038615744737,3.13,5.24,5.174,51.2
4,ISAT IJ Equity,INDOSAT TBK PT,Communication Services,2019,1.049185303758776,2.6500000953674316,0.0,1.159096598625183,0.0,1.5,1.5,2.9499735832214355,0.0,10.0,0.0,3.057008743286133,0.0,4.323793888092041,0.0,5.061297416687012,2.9172747135162354,5.200429916381836,4.323179244995117,4626.382966426567,219.65422096267267,4536.217231169207,1.9457704465177963,2.7062630349075354,13.131074569113743,2.72,5.18,5.019,49.5
5,ISAT IJ Equity,INDOSAT TBK PT,Communication Services,2020,1.248027949828238,3.009999990463257,0.0,1.1629054546356201,0.0,7.937877655029297,1.5079591274261475,2.907881021499634,0.0,10.0,0.0,3.169804573059082,0.0,4.400289535522461,0.0,5.286126613616943,2.9061412811279297,5.200429916381836,4.322142124176025,4625.253616257782,215.43765094789939,4508.347576301616,1.9457704465177963,-1.141347352938975,-5.82846407494066,1.68,7.07,-2.066,51.3
6,ISAT IJ Equity,INDOSAT TBK PT,Communication Services,2021,1.3866093897473117,3.009999990463257,0.0,1.251518726348877,0.0,0.0,1.694684386253357,1.6877260208129883,0.0,10.0,0.0,3.99928617477417,0.0,4.400289535522461,0.0,5.660922527313232,1.615663766860962,5.200429916381836,4.323504447937012,4626.665390147123,328.68993308810553,4452.359575812909,1.9457704465177963,10.700733883481762,64.13845616468284,1.87,6.49,3.703,53.5
7,ISAT IJ Equity,INDOSAT TBK PT,Communication Services,2022,1.188672928910376,2.2699999809265137,0.0,1.1849491596221924,0.0,0.0,1.5541318655014038,2.8865976333618164,0.0,10.0,0.0,3.9067978858947754,0.0,0.5924234390258789,0.0,3.952691078186035,2.2419135570526123,5.200429916381836,4.323622703552246,4626.100577183666,178.47117450927823,7329.421938479396,1.9457704465177963,5.3355494043545715,25.175802726673513,5.51,5.86,5.307,50.9
8,ISAT IJ Equity,INDOSAT TBK PT,Communication Services,2023,1.390872229588177,3.5799999237060547,0.0,1.2692949771881104,0.0,0.0,1.7324934005737305,3.343822717666626,0.0,10.0,0.0,4.579721450805664,0.0,4.400289535522461,0.0,4.367013931274414,1.026300311088562,5.200429916381836,4.3238139152526855,4626.382966426567,159.81303038091664,7453.368568087319,1.9457704465177963,3.9464051068135046,15.252923066071109,2.61,5.32,5.048,52.2
9,MSIN IJ Equity,MNC DIGITAL ENTERTAINMENT TB,Communication Services,2021,5.40039036793821,2.4600000381469727,0.0,3.9781177043914795,0.0,0.0,3.9781177043914795,1.6877260208129883,0.0,10.0,0.0,4.231747150421143,0.0,0.0,0.0,6.091559410095215,0.8875985145568848,6.33203649520874,2.863804817199707,2761.4943591575607,12.028981083613976,382.58873516398626,-0.6176407837009436,10.279977065563035,13.402446826128733,1.87,6.49,3.703,53.5
10,MSIN IJ Equity,MNC DIGITAL ENTERTAINMENT TB,Communication Services,2022,9.117160801360361,2.130000114440918,0.0,3.0710015296936035,0.0,0.0,3.0710015296936035,2.8865976333618164,0.0,10.0,0.0,2.0,0.0,0.0,0.0,7.45874547958374,0.8875985145568848,6.33203649520874,2.863804817199707,2761.157242102179,176.7171076820444,421.55697426968464,-0.6176407837009436,5.670048599200736,10.43901847031362,5.51,5.86,5.307,50.9
11,MSIN IJ Equity,MNC DIGITAL ENTERTAINMENT TB,Communication Services,2023,5.54944016776967,1.9700000286102295,0.0,3.0136523246765137,0.0,0.0,3.0136523246765137,3.343822717666626,0.0,10.0,0.0,2.0,0.0,0.0,0.0,5.201384544372559,0.8875985145568848,6.33203649520874,2.863804817199707,2761.325790340618,4.9371154888729425,437.8558991683992,-0.6176407837009436,3.9768126718347716,6.730797301123452,2.61,5.32,5.048,52.2
12,TLKM IJ Equity,TELKOM INDONESIA PERSERO TBK,Communication Services,2018,2.3219136755805154,3.309999942779541,0.0,1.489026427268982,0.0,1.5,2.208872079849243,2.432539224624634,0.0,10.0,0.0,3.049382448196411,0.0,0.8498213887214661,0.0,6.469620227813721,3.376213550567627,5.200429916381836,5.829334259033203,15658.903936161121,37.583864010298115,14292.36847577459,0.613652442035853,8.911732727093012,18.82028775251405,3.13,5.24,5.174,51.2
13,TLKM IJ Equity,TELKOM INDONESIA PERSERO TBK,Communication Services,2019,2.3277819965914435,3.4700000286102295,0.0,2.037601947784424,0.0,1.5,3.460702896118164,2.9499735832214355,0.0,10.0,0.0,3.8439743518829346,0.0,0.8498213887214661,0.0,4.922028541564941,4.455538749694824,5.200429916381836,5.836347579956055,15661.771517152973,44.42132196162047,15975.157073746372,0.613652442035853,8.73318920740096,18.806777816406427,2.72,5.18,5.019,49.5
14,TLKM IJ Equity,TELKOM INDONESIA PERSERO TBK,Communication Services,2020,1.912635454116942,3.7200000286102295,0.0,1.5584455728530884,0.0,7.937877655029297,2.36262845993042,2.907881021499634,0.0,10.0,0.0,3.677518367767334,0.0,4.476492404937744,0.0,5.454137802124023,4.157528400421143,5.200429916381836,7.28801155090332,15657.94830916636,54.15050169990653,17733.788150807897,0.613652442035853,8.887730668093253,20.58905031471438,1.68,7.07,-2.066,51.3
15,TLKM IJ Equity,TELKOM INDONESIA PERSERO TBK,Communication Services,2021,2.0049835310263218,3.4200000762939453,0.0,1.9768803119659424,0.0,0.0,3.3182945251464844,1.6877260208129883,0.0,10.0,0.0,4.56233549118042,0.0,4.476492404937744,0.0,3.3143997192382812,4.0175933837890625,5.200429916381836,8.100076675415039,15662.727610890664,47.50926760156535,19466.53557131821,0.613652442035853,9.448091779282503,22.09008221329063,1.87,6.49,3.703,53.5
16,TLKM IJ Equity,TELKOM INDONESIA PERSERO TBK,Communication Services,2022,1.8802047743030321,3.6500000953674316,0.0,1.9226244688034058,0.0,0.0,3.191798686981201,2.8865976333618164,0.0,10.0,0.0,4.913473129272461,0.0,4.476492404937744,0.0,3.4883482456207275,4.403817653656006,5.200429916381836,7.452170372009277,15660.815540133064,42.23513017378837,17746.30811891404,0.613652442035853,7.514084609034426,16.542582023403373,5.51,5.86,5.307,50.9
17,TLKM IJ Equity,TELKOM INDONESIA PERSERO TBK,Communication Services,2023,1.8902939485162449,3.7300000190734863,0.0,2.1708500385284424,3.3333332538604736,0.0,3.3763742446899414,3.343822717666626,0.0,10.0,0.0,5.056705474853516,0.0,4.476492404937744,0.0,3.595649003982544,4.451465606689453,5.200429916381836,7.685678958892822,15661.771517152973,43.51247429133506,18648.778586278586,0.613652442035853,8.736575874102243,18.535709164459135,2.61,5.32,5.048,52.2
18,TBIG IJ Equity,TOWER BERSAMA INFRASTRUCTURE,Communication Services,2018,1.4209939160493494,1.440000057220459,0.0,1.2770053148269653,0.0,1.5,1.5,2.432539224624634,0.0,10.0,0.0,2.3948147296905518,0.0,0.8498213887214661,0.0,2.3618783950805664,1.458508849143982,5.746394157409668,2.789153814315796,2862.373442242905,532.5609956611719,2018.0042281832677,5.528096834113582,2.487979608379761,21.074830898868488,3.13,5.24,5.174,51.2
19,TBIG IJ Equity,TOWER BERSAMA INFRASTRUCTURE,Communication Services,2019,1.7000786270779946,1.9500000476837158,0.0,1.4075559377670288,0.0,1.5,1.5,2.9499735832214355,0.0,10.0,0.0,3.057008743286133,0.0,0.8498213887214661,0.0,2.248357057571411,1.4770807027816772,5.746394157409668,2.789153814315796,2862.8976224606276,415.69482938049174,2229.487253556727,5.528096834113582,2.732175567154552,19.594199169776232,2.72,5.18,5.019,49.5
20,TBIG IJ Equity,TOWER BERSAMA INFRASTRUCTURE,Communication Services,2020,1.726943831394789,2.759999990463257,0.0,2.2951548099517822,0.0,7.937877655029297,1.5079591274261475,2.907881021499634,0.0,10.0,0.0,3.169804573059082,0.0,4.400289535522461,0.0,2.45713472366333,1.4888725280761719,5.746394157409668,2.8113160133361816,2862.198758156353,261.3313022002318,2622.7147576301613,5.528096834113582,2.996230484605281,14.7355511325996,1.68,7.07,-2.066,51.3
21,TBIG IJ Equity,TOWER BERSAMA INFRASTRUCTURE,Communication Services,2021,2.302561775098587,2.759999990463257,0.0,2.2978127002716064,0.0,7.937877655029297,1.694684386253357,2.9170281887054443,0.0,10.0,0.0,3.99928617477417,0.0,0.0,0.0,2.427765130996704,1.5422931909561157,5.746394157409668,2.8113160133361816,2863.072391865576,300.58543882577993,2940.546035536204,5.528096834113582,3.9518832966810864,17.227617818537983,1.87,6.49,3.703,53.5
22,TBIG IJ Equity,TOWER BERSAMA INFRASTRUCTURE,Communication Services,2022,1.9517345880622814,2.940000057220459,0.0,2.3490428924560547,0.0,7.937877655029297,1.5541318655014038,3.0946884155273438,0.0,10.0,0.0,2.0,0.0,0.0,0.0,3.3992221355438232,1.553083896636963,5.746394157409668,4.9785614013671875,2862.722874391137,271.2291775847056,2781.9673695750307,5.528096834113582,3.8526555391109016,16.708100757587815,5.51,5.86,5.307,50.9
23,TBIG IJ Equity,TOWER BERSAMA INFRASTRUCTURE,Communication Services,2023,1.7579082483457453,3.440000057220459,0.0,3.2944183349609375,0.0,5.3627265930175785,1.7324934005737305,6.777411460876465,0.0,10.0,0.0,2.0,0.0,0.0,0.0,3.4677858352661133,2.93988037109375,5.746394157409668,3.369386911392212,2862.8976224606276,242.8176396669953,3051.3556392931396,5.528096834113582,3.4632532456006415,14.15659897287771,2.61,5.32,5.048,52.2
24,GOTO IJ Equity,GOTO GOJEK TOKOPEDIA TBK PT,Consumer Discretionary,2022,0.7891622468394531,1.8600000143051147,0.0,2.4852092266082764,0.0,0.0,3.5202994346618652,0.0,1.2589080333709717,0.0,0.0,0.0,0.0,1.2398529052734375,0.0,2.2693705558776855,2.670944929122925,7.7601470947265625,6.0608696937561035,5816.492692278582,1.9896426551088764,8977.659766557039,0.0,-26.886819523659778,-29.838252798887567,5.51,5.86,5.307,50.9
25,GOTO IJ Equity,GOTO GOJEK TOKOPEDIA TBK PT,Consumer Discretionary,2023,2.0007487560753177,3.109999895095825,0.0,2.9954991340637207,0.0,0.0,3.815173864364624,0.0,1.9737789630889893,0.0,0.0,0.9960251450538635,0.0,1.7423495054244995,0.0,4.746776103973389,2.827115535736084,7.7601470947265625,6.058823585510254,5816.847746160421,12.136800111982083,3514.6346153846157,0.0,-93.52215604071692,-111.01611664752305,2.61,5.32,5.048,52.2
26,CPIN IJ Equity,CHAROEN POKPHAND INDONESI PT,Consumer Staples,2021,3.0434663370540207,2.9000000953674316,0.0,2.451127529144287,0.0,5.131218910217285,5.203537464141846,1.0430768728256226,5.851953983306885,0.0,0.0,1.8665364980697632,5.692196846008301,0.0,10.0,3.1982336044311523,0.5355722308158875,5.200429916381836,5.831519603729248,4534.701178194249,24.979901589658116,2489.363789591966,1.2738635074482585,10.87288464039416,14.941558010295344,1.87,6.49,3.703,53.5
27,CPIN IJ Equity,CHAROEN POKPHAND INDONESI PT,Consumer Staples,2022,2.664800855360098,3.009999990463257,0.0,2.8725435733795166,0.0,5.131218910217285,6.561893939971924,1.3593083620071411,5.644782543182373,0.0,0.0,1.9765751361846924,5.692196846008301,0.0,10.0,3.1600046157836914,0.5355722308158875,5.200429916381836,5.824066162109375,4534.147592016114,35.48894311414797,2569.648868253047,1.2738635074482585,7.778462327659313,11.384191595494137,5.51,5.86,5.307,50.9
28,CPIN IJ Equity,CHAROEN POKPHAND INDONESI PT,Consumer Staples,2023,2.3518762875023187,2.8299999237060547,0.0,2.450918197631836,0.0,5.131218910217285,5.52638578414917,1.261312484741211,1.9020439386367798,0.0,0.0,1.8932279348373413,5.692196846008301,0.0,10.0,3.4329493045806885,0.5355722308158875,5.200429916381836,3.3808767795562744,4534.42436820901,35.43270467699626,2661.8243243243246,1.2738635074482585,5.737766592473529,8.696379815302862,2.61,5.32,5.048,52.2
29,HMSP IJ Equity,HM SAMPOERNA TBK PT,Consumer Staples,2019,5.097774717763103,2.9600000381469727,0.0,3.030093193054199,0.0,0.0,8.090335845947266,0.0,2.4508092403411865,0.0,3.0,1.8237321376800537,0.6000000238418579,0.0,0.0,5.616474628448486,0.5355722308158875,5.200429916381836,4.30026388168335,4366.187578948975,1.1693193866657623,3676.089116776197,-0.6218206951527764,28.14518475143066,38.631482540826084,2.72,5.18,5.019,49.5
30,HMSP IJ Equity,HM SAMPOERNA TBK PT,Consumer Staples,2020,3.9153519401284735,2.740000009536743,0.0,3.22408127784729,0.0,0.0,8.675296783447266,6.02071475982666,2.5111420154571533,0.0,3.0,1.774743676185608,0.6000000238418579,0.0,0.0,4.728184700012207,0.9030200242996216,5.200429916381836,4.959635257720947,4365.654662120103,1.0300109525258498,3567.2552962298023,-0.6218206951527764,17.064322842687158,26.035277658055634,1.68,7.07,-2.066,51.3
31,HMSP IJ Equity,HM SAMPOERNA TBK PT,Consumer Staples,2021,2.5644164369611033,2.640000104904175,0.0,3.332545280456543,0.0,0.0,9.004274368286133,1.0430768728256226,3.6466829776763916,0.0,3.0,1.8665364980697632,1.3017200231552124,0.0,0.0,4.321620941162109,0.9030200242996216,5.200429916381836,3.369386911392212,4366.987198186925,1.18854843785188,3728.522227684529,-0.6218206951527764,13.89020511352281,24.01735458273299,1.87,6.49,3.703,53.5
32,HMSP IJ Equity,HM SAMPOERNA TBK PT,Consumer Staples,2022,2.269224939306761,2.950000047683716,0.0,3.3029987812042236,0.0,0.0,8.91452693939209,1.3593083620071411,3.7332282066345215,0.0,3.0,1.9765751361846924,1.5209856033325195,0.0,0.0,4.181656837463379,0.9030200242996216,5.200429916381836,4.829954624176025,4366.454086156382,1.7203553773623217,3533.0490746114656,-0.6218206951527764,11.723943713151463,22.04871156429564,5.51,5.86,5.307,50.9
33,HMSP IJ Equity,HM SAMPOERNA TBK PT,Consumer Staples,2023,2.3420072227853277,2.9200000762939453,0.0,3.2464489936828613,0.0,0.0,8.743030548095703,1.261312484741211,1.9020439386367798,0.0,3.0,1.8932279348373413,3.0,0.0,0.0,4.130087852478027,0.9030200242996216,5.200429916381836,4.582863807678223,4366.720625900379,1.4907639485202688,3593.8321205821208,-0.6218206951527764,14.707668590654578,27.90078590771013,2.61,5.32,5.048,52.2
34,ICBP IJ Equity,INDOFOOD CBP SUKSES MAKMUR T,Consumer Staples,2018,3.9169717840753346,1.7699999809265137,3.0,1.280745029449463,0.0,0.0,0.0,0.0,3.0,0.0,0.0,0.8158121109008789,2.0,0.0,0.0,4.244222640991211,1.6762101650238037,7.136406421661377,1.850234031677246,7775.791571559353,9.063246598538347,2382.141332224302,1.1552878175623595,13.868859295469493,22.222006381288637,3.13,5.24,5.174,51.2
35,ICBP IJ Equity,INDOFOOD CBP SUKSES MAKMUR T,Consumer Staples,2019,3.7055358356389365,1.8600000143051147,3.0,1.280745029449463,0.0,0.0,0.0,0.0,3.0,0.0,0.0,1.8237321376800537,2.0,0.0,0.0,4.335533142089844,2.878192901611328,7.136406421661377,1.850234031677246,7776.26616821289,8.806887033997542,2795.501841554127,1.1552878175623595,13.790455961698312,21.47832338702663,2.72,5.18,5.019,49.5
36,ICBP IJ Equity,INDOFOOD CBP SUKSES MAKMUR T,Consumer Staples,2020,1.7938392487763462,1.940000057220459,3.0,1.280745029449463,0.0,0.0,0.0,6.02071475982666,3.0,0.0,0.0,1.774743676185608,2.0,0.0,0.0,4.307430267333984,2.8705339431762695,7.136406421661377,1.845184564590454,7775.317032832905,63.032204366095016,7439.017953321364,1.1552878175623595,9.25792872782661,24.0700570967575,1.68,7.07,-2.066,51.3
37,ICBP IJ Equity,INDOFOOD CBP SUKSES MAKMUR T,Consumer Staples,2021,1.5723606894236024,3.180000066757202,3.0,3.8406684398651123,0.0,0.0,6.089481830596924,1.0430768728256226,8.267477035522461,0.0,1.0,1.8665364980697632,1.3017200231552124,0.0,0.0,3.4934942722320557,2.912517547607422,7.136406421661377,1.850234031677246,7777.690305842134,76.28239256428225,8291.77807430297,1.1552878175623595,5.774227837805186,20.215476974309247,1.87,6.49,3.703,53.5
38,ICBP IJ Equity,INDOFOOD CBP SUKSES MAKMUR T,Consumer Staples,2022,1.6946810342219822,3.799999952316284,3.0,4.442530155181885,0.0,0.0,5.986328125,1.3593083620071411,7.953421592712402,3.560218095779419,1.0,1.9765751361846924,1.5209856033325195,0.0,0.0,3.3375988006591797,2.9171133041381836,7.136406421661377,3.09900164604187,7776.740822804126,80.03287177926849,7435.708776681498,1.1552878175623595,3.931374609012924,13.032215975320828,5.51,5.86,5.307,50.9
39,ICBP IJ Equity,INDOFOOD CBP SUKSES MAKMUR T,Consumer Staples,2023,1.6923495642670068,4.210000038146973,3.0,4.522093296051025,0.0,0.0,5.942478656768799,1.261312484741211,7.636677265167236,3.2645208835601807,1.0,1.8932279348373413,4.889811038970947,0.0,0.0,2.6466000080108643,2.8017611503601074,7.136406421661377,3.099337577819824,7777.215535343669,70.8191994552109,7748.640592515593,1.1552878175623595,5.960262743717071,18.094192886432122,2.61,5.32,5.048,52.2
40,INDF IJ Equity,INDOFOOD SUKSES MAKMUR TBK P,Consumer Staples,2018,1.329403598824651,1.7899999618530273,3.0,1.280745029449463,0.0,0.0,0.0,0.0,3.0,0.0,0.0,0.8158121109008789,2.0,0.0,0.0,1.3474860191345215,2.93232798576355,7.136406421661377,5.079860210418701,4059.3061176380834,59.182669962818125,6691.467110279338,0.771360230406689,4.516654744331556,12.859700976912302,3.13,5.24,5.174,51.2
41,INDF IJ Equity,INDOFOOD SUKSES MAKMUR TBK P,Consumer Staples,2019,1.3306383416044725,2.4700000286102295,3.0,2.9149763584136963,0.0,0.0,5.571490287780762,0.0,3.0,0.0,0.0,1.8237321376800537,2.0,0.0,0.0,1.558458924293518,2.9272706508636475,7.136406421661377,5.079035758972168,4060.0494895311926,42.377883096436456,6947.249151440746,0.771360230406689,5.0931460232295045,13.749877647746194,2.72,5.18,5.019,49.5
42,INDF IJ Equity,INDOFOOD SUKSES MAKMUR TBK P,Consumer Staples,2020,1.108937128000208,2.4700000286102295,3.0,2.9149763584136963,0.0,0.0,5.5714898109436035,6.02071475982666,3.0,0.0,0.0,1.774743676185608,2.0,0.0,0.0,1.6329251527786255,2.7460169792175293,7.136406421661377,5.079860210418701,4059.0583874954227,67.61935890151645,11715.369192100537,0.771360230406689,4.978603067865,16.108424460120556,1.68,7.07,-2.066,51.3
43,INDF IJ Equity,INDOFOOD SUKSES MAKMUR TBK P,Consumer Staples,2021,1.0390497615939012,3.119999885559082,3.0,3.330087423324585,0.0,0.0,5.361260414123535,1.0430768728256226,5.580636978149414,0.0,1.0,1.8665364980697632,5.6861772537231445,0.0,0.0,1.4868742227554321,2.8637189865112305,7.136406421661377,6.988445281982422,4060.2973406690676,71.3016083907908,12590.198749912213,0.771360230406689,4.4755064330264185,16.8567952385158,1.87,6.49,3.703,53.5
44,INDF IJ Equity,INDOFOOD SUKSES MAKMUR TBK P,Consumer Staples,2022,1.0288446324071001,4.210000038146973,3.0,4.524697303771973,0.0,0.0,5.976823806762695,1.3593083620071411,6.987208366394043,5.159821510314941,1.0,1.9765751361846924,5.078503131866455,0.0,0.0,1.6827354431152344,3.0920979976654053,7.136406421661377,9.307317733764648,4059.80166865043,70.75214115568436,11635.603275939897,0.771360230406689,3.535725955987173,12.422591078795053,5.51,5.86,5.307,50.9
45,INDF IJ Equity,INDOFOOD SUKSES MAKMUR TBK P,Consumer Staples,2023,0.9862838839325521,4.400000095367432,3.0,4.599181652069092,0.0,0.0,5.944281101226807,1.261312484741211,6.610218524932861,4.831449031829834,1.0,1.8932279348373413,5.459697246551514,0.0,0.0,1.7815359830856323,2.623649835586548,7.136406421661377,9.300131797790527,4060.0494895311926,64.38459381795377,12122.398453742204,0.771360230406689,4.439535228336925,14.4148020261959,2.61,5.32,5.048,52.2
46,MYOR IJ Equity,MAYORA INDAH PT,Consumer Staples,2021,2.7317823454789227,2.3399999141693115,0.0,1.5587791204452515,0.0,0.0,2.6365277767181396,1.0430768728256226,6.440674304962158,0.0,1.0,1.8665364980697632,3.0,0.0,0.0,3.0875048637390137,2.9387428760528564,5.746394157409668,8.985942840576172,3562.432469461571,45.1929577346301,1398.8098367531427,0.9074203049159477,5.978556462287968,10.72399950317342,1.87,6.49,3.703,53.5
47,MYOR IJ Equity,MAYORA INDAH PT,Consumer Staples,2022,2.9423611323102232,2.9700000286102295,3.0,3.061577558517456,0.0,0.0,4.267867088317871,1.3593083620071411,6.434345245361328,0.0,1.0,1.9765751361846924,3.0,0.0,0.0,3.0592448711395264,2.9385082721710205,5.746394157409668,8.985942840576172,3561.997575672953,43.079934856220156,1436.5229054885535,0.9074203049159477,9.206229869781495,16.357610976453902,5.51,5.86,5.307,50.9
48,MYOR IJ Equity,MAYORA INDAH PT,Consumer Staples,2023,2.7022616401971176,3.190000057220459,3.0,2.812974214553833,0.0,0.0,3.369126081466675,1.261312484741211,6.392001152038574,0.0,1.0,1.8932279348373413,3.0,0.0,0.0,3.0238547325134277,2.816093683242798,5.746394157409668,8.985942840576172,3562.215009293737,27.924258419973587,1550.831923237526,0.9074203049159477,13.842054034066194,23.08680917103866,2.61,5.32,5.048,52.2
49,AMRT IJ Equity,SUMBER ALFARIA TRIJAYA TBK P,Consumer Staples,2018,2.4873675306893883,0.9900000095367432,0.0,0.15640150010585785,0.0,0.0,1.154003381729126,0.0,3.0,0.0,0.0,0.8158121109008789,0.6000000238418579,0.0,0.0,6.52217435836792,0.0,5.6247687339782715,3.7651584148406982,7020.010357583155,87.50426668093601,1536.4225410688293,-0.2576192367886748,2.950632240732829,11.859109031849997,3.13,5.24,5.174,51.2
50,AMRT IJ Equity,SUMBER ALFARIA TRIJAYA TBK P,Consumer Staples,2019,2.243924147538422,1.4800000190734863,0.0,0.36328640580177307,0.0,0.0,3.1617252826690674,0.0,2.4508092403411865,0.0,0.0,1.8237321376800537,0.6000000238418579,0.0,0.0,6.554670810699463,0.5355722308158875,5.6247687339782715,3.7651584148406982,7020.438825012207,72.00787239732335,1732.6722755831588,-0.2576192367886748,4.820426479920256,17.724472039952165,2.72,5.18,5.019,49.5
51,AMRT IJ Equity,SUMBER ALFARIA TRIJAYA TBK P,Consumer Staples,2020,1.9829507950833354,2.4000000953674316,0.0,0.5572588443756104,0.0,0.0,0.9883288741111755,6.02071475982666,2.5111420154571533,0.0,7.478991508483887,1.774743676185608,0.6000000238418579,2.0,0.0,6.611636638641357,0.9030200242996216,5.6247687339782715,4.979921817779541,7019.581942450873,58.43679752936222,1857.6736804308796,-0.2576192367886748,4.257790132088541,14.651688433048276,1.68,7.07,-2.066,51.3
52,AMRT IJ Equity,SUMBER ALFARIA TRIJAYA TBK P,Consumer Staples,2021,2.5063446559416236,3.359999895095825,0.0,0.6720216274261475,0.0,0.0,1.1235274076461792,7.94315242767334,3.6466829776763916,0.0,7.983193397521973,1.8665364980697632,5.36081075668335,2.0,0.0,6.299788475036621,2.9153637886047363,7.136406421661377,4.979921817779541,7021.724541175753,32.53505092342495,1922.2002949645341,-0.2576192367886748,7.234917047338612,22.636268142375222,1.87,6.49,3.703,53.5
53,AMRT IJ Equity,SUMBER ALFARIA TRIJAYA TBK P,Consumer Staples,2022,4.213996864041962,2.9000000953674316,0.0,0.6516586542129517,0.0,0.0,0.9863912463188171,7.9329047203063965,3.7332282066345215,0.0,3.0,1.9765751361846924,5.01686429977417,2.0,0.0,5.834731101989746,2.853874444961548,7.136406421661377,4.976223945617676,7020.867344747605,26.64951687308839,1982.7346359708517,-0.2576192367886748,9.82607410676449,27.931603432007517,5.51,5.86,5.307,50.9
54,AMRT IJ Equity,SUMBER ALFARIA TRIJAYA TBK P,Consumer Staples,2023,4.1300820001166265,2.930000066757202,3.0,1.5537136793136597,0.0,0.0,0.8602673411369324,7.93646764755249,1.9020439386367798,0.0,3.0,1.8932279348373413,4.549307346343994,2.0,0.0,5.659675598144531,0.9030200242996216,5.200429916381836,4.975754261016846,7021.295916798926,11.850049665079082,2224.9339267151768,-0.2576192367886748,10.474007526628208,26.492802711940815,2.61,5.32,5.048,52.2
55,UNVR IJ Equity,UNILEVER INDONESIA TBK PT,Consumer Staples,2018,17.6783351139814,3.549999952316284,2.0,3.24961256980896,0.0,0.0,2.403083562850952,0.0,6.216471195220947,0.0,3.0,5.614287853240967,2.8877463340759277,0.0,0.0,5.610576152801514,2.6674551963806152,7.136406421661377,4.979921817779541,4156.103143118706,20.26746330786586,1408.946350592639,-0.2576192367886748,46.293282320862176,144.63880264918805,3.13,5.24,5.174,51.2
56,UNVR IJ Equity,UNILEVER INDONESIA TBK PT,Consumer Staples,2019,16.26332874739865,4.829999923706055,2.0,3.761866331100464,0.0,0.0,5.586208820343018,0.0,2.4508092403411865,0.0,3.0,5.886795520782471,6.827040672302246,0.0,0.0,5.741250514984131,2.8617053031921387,7.136406421661377,4.979921817779541,4156.3568115234375,75.06811045044343,1491.2523290243375,-0.6218206951527764,36.08353035808069,116.73949031264308,2.72,5.18,5.019,49.5
57,UNVR IJ Equity,UNILEVER INDONESIA TBK PT,Consumer Staples,2020,14.414661241555242,4.599999904632568,2.0,3.9399755001068115,0.0,0.0,6.644607067108154,6.02071475982666,2.5111420154571533,0.0,3.0,6.685682773590088,2.8877463340759277,0.0,0.0,5.98047399520874,2.882434368133545,7.136406421661377,4.979921817779541,4155.849505675576,80.508278904874,1474.6593895870735,-0.6218206951527764,34.787953953868936,140.1971772824371,1.68,7.07,-2.066,51.3
58,UNVR IJ Equity,UNILEVER INDONESIA TBK PT,Consumer Staples,2021,8.996170392141357,4.900000095367432,2.0,3.2350070476531982,0.0,0.0,6.761602401733398,1.0430768728256226,3.6466829776763916,0.0,3.0,6.971268177032471,6.827040672302246,0.0,0.0,6.499111175537109,2.9090752601623535,7.136406421661377,4.979921817779541,4157.118002563946,63.33477503946179,1339.1763466535572,-0.6218206951527764,29.07923215427939,124.38435592625568,1.87,6.49,3.703,53.5
59,UNVR IJ Equity,UNILEVER INDONESIA TBK PT,Consumer Staples,2022,10.57018522758402,4.889999866485596,2.0,3.2491495609283447,0.0,0.0,6.7417707443237305,1.3593083620071411,3.7332282066345215,0.0,3.0,7.130804061889648,6.827040672302246,0.0,0.0,6.314576625823975,2.9297168254852295,7.136406421661377,4.979921817779541,4156.610510895441,32.12268616270762,1181.2803250145096,-0.6218206951527764,28.698808660183104,128.98346762196422,5.51,5.86,5.307,50.9
60,UNVR IJ Equity,UNILEVER INDONESIA TBK PT,Consumer Staples,2023,8.87851562936005,4.630000114440918,3.0,3.5675747394561768,0.0,0.0,6.637444019317627,1.261312484741211,3.288045644760132,0.0,3.0,7.284562110900879,4.5821428298950195,0.0,0.0,6.697315216064453,1.6778769493103027,7.136406421661377,4.3238139152526855,4156.864241240386,22.204381945311155,1082.64591995842,-0.6218206951527764,27.447902075912893,130.1333307311763,2.61,5.32,5.048,52.2
61,ADRO IJ Equity,ALAMTRI RESOURCES INDONESIA,Energy,2019,0.9784694753089779,4.449999809265137,0.0,4.682666778564453,6.347362518310547,7.405431270599365,6.398977279663086,6.42072057723999,1.1269445419311523,2.4579906463623047,0.0,8.368636131286621,0.0,0.0,0.34239599108695984,2.99517560005188,1.5472168922424316,5.746394157409668,2.8113160133361816,4524.437549987793,49.117549226225364,7217.105,-0.760826076478618,5.661772842708921,10.952959506242893,2.72,5.18,5.019,49.5
62,ADRO IJ Equity,ALAMTRI RESOURCES INDONESIA,Energy,2020,0.9289273351404969,4.690000057220459,0.0,5.125851154327393,5.944551467895508,8.45553207397461,5.982245922088623,7.124321937561035,1.1159816980361938,3.9333407878875732,0.0,8.368636131286621,0.0,0.0,0.34239599108695984,2.820939540863037,1.4102115631103516,5.746394157409668,3.5299832820892334,4523.885317893324,38.162604884867676,6381.566,-0.760826076478618,2.160902341118481,3.9485084421817773,1.68,7.07,-2.066,51.3
63,ADRO IJ Equity,ALAMTRI RESOURCES INDONESIA,Energy,2021,1.1033935596554922,4.739999771118164,0.0,5.645320415496826,6.2375264167785645,8.217341423034668,4.297701835632324,6.9716668128967285,5.540591716766357,2.8064818382263184,0.0,8.368636131286621,0.0,0.0,0.34239599108695984,2.6456902027130127,1.5483531951904297,5.746394157409668,4.248311519622803,4525.2661509675845,36.052477225139995,7586.936,-0.760826076478618,13.36567085003102,23.786690041611138,1.87,6.49,3.703,53.5
64,ADRO IJ Equity,ALAMTRI RESOURCES INDONESIA,Energy,2022,1.1547386580209595,5.039999961853027,0.0,6.035492420196533,6.57051944732666,8.217341423034668,4.991631984710693,7.204947471618652,5.5445098876953125,3.1328508853912354,0.0,8.368636131286621,0.0,0.0,0.34239599108695984,2.628824234008789,1.548067331314087,5.746394157409668,5.1675519943237305,4524.989916921011,24.246407953747752,10782.307,-0.760826076478618,27.14406902886526,49.06971297205694,5.51,5.86,5.307,50.9
65,ADRO IJ Equity,ALAMTRI RESOURCES INDONESIA,Energy,2023,0.8092535129874413,5.090000152587891,0.0,5.751782417297363,6.826173782348633,8.073911547660828,3.7731940746307373,7.247250556945801,5.182725429534912,2.777340888977051,0.0,9.575276374816895,0.0,0.0,3.0,2.7504003047943115,1.3315322399139404,5.746394157409668,5.0192461013793945,4524.989916921011,19.42643495866374,10472.711,-0.760826076478618,15.44517158254112,25.65293644016408,2.61,5.32,5.048,52.2
66,BUMI IJ Equity,BUMI RESOURCES TBK PT,Energy,2021,1.196385332933573,4.849999904632568,0.0,5.461705684661865,7.826722145080566,6.809752464294434,5.526318550109863,6.748624324798584,4.342010021209717,4.565250396728516,0.0,4.696682453155518,0.0,0.0,3.0,4.855900287628174,0.5355722308158875,5.746394157409668,4.32371187210083,2810.914389624076,242.91809991130796,4223.787286,2.0778643134121766,4.391289603181287,0.6998847120867491,1.87,6.49,3.703,53.5
67,BUMI IJ Equity,BUMI RESOURCES TBK PT,Energy,2022,1.507312124781637,4.889999866485596,0.0,5.365860939025879,8.355714797973633,7.352409362792969,5.6009368896484375,6.240668773651123,4.285988807678223,4.01262092590332,0.0,4.994948387145996,0.0,0.0,3.0,5.338586807250977,1.2411177158355713,5.746394157409668,4.098842620849609,2810.5712394819016,8.712114962038738,4488.046969,2.0778643134121766,12.058869019426727,0.6998847120867491,5.51,5.86,5.307,50.9
68,BUMI IJ Equity,BUMI RESOURCES TBK PT,Energy,2023,1.1207381612815823,4.909999847412109,0.0,5.197523593902588,7.284939765930176,7.081080913543701,5.771391868591309,6.194420337677002,4.377399921417236,3.22170090675354,0.0,5.815392017364502,0.0,0.0,3.0,5.701228141784668,1.2411177158355713,5.746394157409668,4.093007564544678,2810.7428040795994,11.04884999907854,4202.694216,2.0778643134121766,0.25138132105127237,0.6998847120867491,2.61,5.32,5.048,52.2
69,UNTR IJ Equity,UNITED TRACTORS TBK PT,Energy,2018,1.414855900078686,2.880000114440918,0.0,1.576561450958252,6.385226726531982,3.0,0.0,0.0,3.0,3.0,0.0,7.333508014678955,0.0,0.0,0.0,3.5088348388671875,0.9030200242996216,8.420125961303711,5.013972282409668,5958.88234267928,17.954802956858764,8059.958203368685,-0.08269069785298515,11.207264759779374,22.443867515403948,3.13,5.24,5.174,51.2
70,UNTR IJ Equity,UNITED TRACTORS TBK PT,Energy,2019,1.1976406388438268,2.6700000762939453,0.0,1.4858965873718262,6.347362518310547,3.0,0.0,0.0,3.0,2.00254487991333,0.0,2.4291789531707764,0.0,0.0,0.0,3.6973931789398193,2.848578929901123,8.420125961303711,5.012269973754883,5959.246043994141,22.887111869640346,8067.695168628584,-0.08269069785298515,9.923113372016624,20.20168051139219,2.72,5.18,5.019,49.5
71,UNTR IJ Equity,UNITED TRACTORS TBK PT,Energy,2020,1.3901286164703641,3.5399999618530273,0.0,3.026170253753662,5.944551467895508,3.0,8.912613868713379,0.0,3.0,7.655566215515137,0.0,3.8883492946624756,0.0,0.0,0.0,4.455784797668457,2.68259334564209,8.420125961303711,5.0073137283325195,5958.518685756133,19.684064868179302,7167.035044883303,-0.08269069785298515,5.676400055678495,10.132116592691993,1.68,7.07,-2.066,51.3
72,UNTR IJ Equity,UNITED TRACTORS TBK PT,Energy,2021,1.1249324880414553,3.2300000190734863,0.0,1.855823040008545,6.2375264167785645,3.0,1.0427885055541992,0.0,3.0,7.284443378448486,0.0,3.1016926765441895,0.0,0.0,0.0,4.664113998413086,2.711879253387451,7.136406421661377,7.273758888244629,5960.337414370307,12.76029545900055,7905.144743310627,-0.08269069785298515,9.681268360984511,15.956504022707488,1.87,6.49,3.703,53.5
73,UNTR IJ Equity,UNITED TRACTORS TBK PT,Energy,2022,1.0711946821450329,3.890000104904175,0.0,2.753014087677002,6.57051944732666,3.0,0.9832739233970642,3.2870094776153564,3.0,7.451875686645508,0.0,3.742156982421875,0.0,0.0,0.0,4.836643695831299,2.724099636077881,7.814576148986816,7.263166427612305,5959.609789708845,3.3538584682310244,9059.0197975108,-0.08269069785298515,16.602229052106853,27.411422528660225,5.51,5.86,5.307,50.9
74,UNTR IJ Equity,UNITED TRACTORS TBK PT,Energy,2023,1.0189519113532992,3.859999895095825,0.0,2.7717902660369873,6.826173782348633,3.0,1.398375153541565,3.2870094776153564,3.0,6.6630096435546875,0.0,4.16998291015625,0.0,0.0,0.0,5.455636978149414,2.7313232421875,7.814576148986816,7.250021934509277,5959.973579831522,22.460462364011295,10007.032744282746,-0.08269069785298515,13.997502424972208,25.144180337464515,2.61,5.32,5.048,52.2
75,BBCA IJ Equity,BANK CENTRAL ASIA TBK PT,Financials,2018,1.5933289635960053,2.1700000762939453,0.0,0.08427222073078156,0.0,0.0,0.0,0.0,0.0,0.0,0.0,6.298667907714844,0.0,2.0,0.0,4.463312149047852,4.235271453857422,5.200429916381836,8.101945877075195,73355.61412877632,6.302820429880637,57169.74727940667,0.0,3.282969843301786,18.274567460687006,3.13,5.24,5.174,51.2
76,BBCA IJ Equity,BANK CENTRAL ASIA TBK PT,Financials,2019,1.7073540135470042,3.4100000858306885,0.0,0.08427222073078156,0.0,0.0,0.0,0.0,0.0,0.0,0.0,7.3397016525268555,0.0,9.814241409301758,0.0,4.0713605880737305,4.248260498046875,5.200429916381836,8.101980209350586,73369.04758271274,6.384044171107132,66367.39452589008,0.0,3.276227270623376,17.540573323305985,2.72,5.18,5.019,49.5
77,BBCA IJ Equity,BANK CENTRAL ASIA TBK PT,Financials,2020,1.604308048566936,4.03000020980835,0.0,0.7077969312667847,0.0,0.0,0.0,0.0,0.0,0.0,0.0,7.055426597595215,0.0,9.814241409301758,0.0,3.6876728534698486,4.059148788452148,5.200429916381836,8.101785659790039,73351.13740388137,6.973864761360179,77240.23382405745,0.0,2.7205112783074323,15.130027441474429,1.68,7.07,-2.066,51.3
78,BBCA IJ Equity,BANK CENTRAL ASIA TBK PT,Financials,2021,1.5675891419988077,3.9600000381469727,0.0,0.699618935585022,0.0,0.0,0.0,0.0,0.0,0.0,0.0,7.135318756103516,0.0,9.814241409301758,0.0,3.211973190307617,3.586759090423584,5.200429916381836,8.101991653442383,73373.52649410903,6.105042681663784,86266.21813329589,0.0,2.7277621676914205,16.226141329273432,1.87,6.49,3.703,53.5
79,BBCA IJ Equity,BANK CENTRAL ASIA TBK PT,Financials,2022,1.633576484063622,4.059999942779541,0.0,0.9320917129516602,0.0,0.0,0.0,0.0,0.0,0.0,0.0,7.21088981628418,0.0,9.814241409301758,0.0,3.1585538387298584,3.4529833793640137,5.200429916381836,8.102034568786621,73364.56921809193,4.656031712937494,84783.10917650093,0.0,3.203657014538856,19.227144873541675,5.51,5.86,5.307,50.9
80,BBCA IJ Equity,BANK CENTRAL ASIA TBK PT,Financials,2023,1.6508235577919608,4.789999961853027,0.0,0.9995604157447815,0.0,0.0,0.0,0.0,0.0,0.0,0.0,7.218792915344238,0.0,9.814241409301758,0.0,3.112028121948242,3.573153018951416,5.200429916381836,7.885790824890137,73369.04758271274,5.5653496157191595,91483.04378898129,0.0,3.5726774623714728,20.993422815413755,2.61,5.32,5.048,52.2
81,BNGA IJ Equity,BANK CIMB NIAGA TBK PT,Financials,2021,0.9378353968659593,3.950000047683716,0.0,2.400392532348633,0.0,0.0,0.0,0.0,0.0,0.0,0.0,6.039297580718994,0.0,9.814241409301758,0.0,6.457009315490723,3.2280256748199463,5.200429916381836,7.061378479003906,2659.109433001648,28.3578442862484,21826.45972329518,0.0,1.3858807513179583,9.714596846683003,1.87,6.49,3.703,53.5
82,BNGA IJ Equity,BANK CIMB NIAGA TBK PT,Financials,2022,0.9489945596289263,4.0,0.0,2.4898204803466797,0.0,0.0,0.0,0.0,0.0,0.0,0.0,6.3596415519714355,0.0,9.814241409301758,0.0,6.525534629821777,3.166369915008545,5.200429916381836,7.061332702636719,2658.784814869072,31.304575644858325,19781.66627974463,0.0,1.6328564048220136,11.384977400447912,5.51,5.86,5.307,50.9
83,BNGA IJ Equity,BANK CIMB NIAGA TBK PT,Financials,2023,0.9797346198353573,4.840000152587891,0.0,2.5780746936798096,0.0,0.0,0.0,0.0,0.0,0.0,0.0,7.0937180519104,0.0,9.814241409301758,0.0,6.509282112121582,3.182654857635498,6.33203649520874,7.391979217529297,2658.9471140275914,62.870084828800465,21723.57283004158,0.0,2.0196404208728995,13.71877697544915,2.61,5.32,5.048,52.2
84,BMRI IJ Equity,BANK MANDIRI PERSERO TBK PT,Financials,2018,1.135549067011752,1.7300000190734863,0.0,0.0,0.0,0.0,0.0,0.0,0.0,0.0,0.0,5.292691707611084,0.0,0.0,0.0,5.547883987426758,4.1687235832214355,5.200429916381836,6.988333225250244,33465.56810042722,56.75141376956532,83333.47847785403,0.0,2.1500237980102757,14.37969833182993,3.13,5.24,5.174,51.2
85,BMRI IJ Equity,BANK MANDIRI PERSERO TBK PT,Financials,2019,1.1164925018768401,1.6699999570846558,0.0,0.0,0.0,0.0,0.0,0.0,0.0,0.0,0.0,5.98756217956543,0.0,1.0,0.0,4.6189656257629395,2.777086019515991,5.200429916381836,5.062808990478516,33467.610676605225,50.070196298912826,95200.86191954937,0.0,2.180690349480079,14.24670448057517,2.72,5.18,5.019,49.5
86,BMRI IJ Equity,BANK MANDIRI PERSERO TBK PT,Financials,2020,1.0684609101371945,1.6399999856948853,0.0,0.0,0.0,0.0,0.0,0.0,0.0,0.0,0.0,6.322875499725342,0.0,1.0,0.0,5.262378215789795,1.6407588720321655,5.200429916381836,5.000353813171387,33463.52577355669,50.275188037921005,110733.54161579892,0.0,1.1747046337214473,8.52812027185681,1.68,7.07,-2.066,51.3
87,BMRI IJ Equity,BANK MANDIRI PERSERO TBK PT,Financials,2021,1.071220006829734,1.9199999570846558,0.0,0.0,0.0,0.0,0.0,0.0,0.0,0.0,0.0,6.336745738983154,0.0,1.0,0.0,5.447585105895996,3.582869052886963,5.200429916381836,8.102027893066406,33473.73990144069,52.88308452517059,121189.06720977598,0.0,1.715532101850819,14.225140316671961,1.87,6.49,3.703,53.5
88,BMRI IJ Equity,BANK MANDIRI PERSERO TBK PT,Financials,2022,1.1171807499092616,3.190000057220459,0.0,0.0,0.0,0.0,0.0,0.0,0.0,0.0,0.0,6.8622236251831055,0.0,8.595438957214355,0.0,5.490168571472168,3.8980324268341064,5.200429916381836,7.60605001449585,33469.65350213636,59.55407442326365,128493.24092345392,0.0,2.2145729791046964,18.95668356162371,5.51,5.86,5.307,50.9
89,MEGA IJ Equity,BANK MEGA TBK PT,Financials,2018,1.2428289484412296,1.1299999952316284,0.0,0.0,0.0,0.0,0.0,0.0,0.0,0.0,0.0,2.675023078918457,0.0,0.0,0.0,5.679755210876465,2.005600929260254,6.33203649520874,2.863804817199707,2737.279661537992,53.62636115650425,5805.91578290705,0.0,1.926239967892849,11.914402232568062,3.13,5.24,5.174,51.2
90,MEGA IJ Equity,BANK MEGA TBK PT,Financials,2019,1.2844984587748456,1.5,0.0,0.0,0.0,0.0,0.0,0.0,0.0,0.0,0.0,3.2158942222595215,0.0,1.0,0.0,6.148559093475342,1.7319481372833252,6.33203649520874,2.863804817199707,2737.7809336039554,64.95919489560748,7279.831804723045,0.0,2.1702105576690385,13.659292177689547,2.72,5.18,5.019,49.5
91,MEGA IJ Equity,BANK MEGA TBK PT,Financials,2020,1.2845835693671166,1.649999976158142,0.0,0.0,0.0,0.0,0.0,0.0,0.0,0.0,0.0,5.60949182510376,0.0,1.0,0.0,6.577332496643066,1.6280685663223267,6.33203649520874,2.863804817199707,2737.1126116379837,71.1023689941043,8057.6411490125665,0.0,2.8246191791983195,17.827245772600246,1.68,7.07,-2.066,51.3
92,MEGA IJ Equity,BANK MEGA TBK PT,Financials,2021,1.3000731029157342,1.7699999809265137,0.0,0.0,0.0,0.0,0.0,0.0,0.0,0.0,0.0,6.280154228210449,0.0,1.0,0.0,6.546717643737793,2.3500232696533203,6.33203649520874,4.385817050933838,2737.948065093706,66.63423431442112,9332.073179296302,0.0,3.2707830822187165,21.46061852592164,1.87,6.49,3.703,53.5
93,MEGA IJ Equity,BANK MEGA TBK PT,Financials,2022,1.2913549201553147,1.7899999618530273,0.0,0.0,0.0,0.0,0.0,0.0,0.0,0.0,0.0,6.451205253601074,0.0,1.0,0.0,5.390280246734619,3.4979867935180664,6.33203649520874,4.979921817779541,2737.6138225172435,81.1295706824958,9141.062036499645,0.0,2.9513748504218436,20.376405696555373,5.51,5.86,5.307,50.9
94,MEGA IJ Equity,BANK MEGA TBK PT,Financials,2023,1.2887041593449542,2.1700000762939453,0.0,0.8679654598236084,0.0,0.0,0.0,0.0,0.0,0.0,0.0,6.431351661682129,0.0,1.0,0.0,5.449949264526367,3.3760321140289307,6.33203649520874,3.369386911392212,2737.7809336039554,89.28821169028826,8579.105444386694,0.0,2.564404300306165,16.56401336729708,2.61,5.32,5.048,52.2
95,BBNI IJ Equity,BANK NEGARA INDONESIA PERSER,Financials,2018,1.0692966019947974,1.7300000190734863,0.0,0.0,0.0,0.0,0.0,0.0,0.0,0.0,0.0,5.281877040863037,0.0,1.0,0.0,5.672664165496826,2.5910863876342773,5.200429916381836,5.72390079498291,10243.387740128164,82.32828810470572,56045.74831912387,0.0,1.978404015576512,14.530583136363544,3.13,5.24,5.174,51.2
96,BBNI IJ Equity,BANK NEGARA INDONESIA PERSER,Financials,2019,1.0282358409922423,2.309999942779541,0.0,0.6299152970314026,0.0,0.0,0.0,0.0,0.0,0.0,0.0,5.493010520935059,0.0,2.0,0.0,6.52218770980835,4.1664509773254395,5.200429916381836,5.704152584075928,10244.012946899413,59.5418530301139,61067.75532606341,0.0,1.8600759124588089,13.3434335189004,2.72,5.18,5.019,49.5
97,BBNI IJ Equity,BANK NEGARA INDONESIA PERSER,Financials,2020,1.0054323187141783,2.299999952316284,0.0,0.49737071990966797,0.0,0.0,0.0,0.0,0.0,0.0,0.0,5.706241607666016,0.0,2.0,0.0,6.455358028411865,3.626967668533325,5.200429916381836,7.61649751663208,10242.762609666788,53.539788836753324,64009.86894075404,0.0,0.3777215133851804,2.8193286044590997,1.68,7.07,-2.066,51.3
98,BBNI IJ Equity,BANK NEGARA INDONESIA PERSER,Financials,2021,1.0020453715180417,2.140000104904175,0.0,1.068934679031372,0.0,0.0,0.0,0.0,0.0,0.0,0.0,5.439035892486572,0.0,2.0,0.0,6.649893760681152,1.448132872581482,5.200429916381836,9.407157897949219,10245.889025212135,54.29686728444473,67760.21434089473,0.0,1.1742984700295387,9.317724484203652,1.87,6.49,3.703,53.5
99,BBNI IJ Equity,BANK NEGARA INDONESIA PERSER,Financials,2022,1.0351688135676893,2.6700000762939453,0.0,1.177095890045166,0.0,0.0,0.0,0.0,0.0,0.0,0.0,5.465579986572266,0.0,2.0,0.0,6.2372918128967285,3.2565441131591797,5.200429916381836,9.189959526062012,10244.638229994505,54.95112892824133,66411.09615012574,0.0,1.8360944052948667,14.110395418277502,5.51,5.86,5.307,50.9
100,BBNI IJ Equity,BANK NEGARA INDONESIA PERSER,Financials,2023,1.0461267490124817,4.320000171661377,0.0,1.5103533267974854,0.0,0.0,0.0,0.0,0.0,0.0,0.0,5.620310306549072,0.0,9.062071800231934,0.0,5.51930570602417,3.083773374557495,5.200429916381836,7.850731372833252,10245.263589427419,47.077518029177064,70599.27143970894,0.0,1.9758533014983606,14.624735224720824,2.61,5.32,5.048,52.2
101,PNBN IJ Equity,BANK PAN INDONESIA TBK PT,Financials,2021,0.8684218521476663,2.440000057220459,0.0,2.2782552242279053,0.0,0.0,0.0,0.0,0.0,0.0,0.0,1.0620914697647095,0.0,1.0,0.0,5.555059909820557,2.6220569610595703,9.0903959274292,7.503416538238525,2676.2417263903303,36.589487870569975,14359.332958775196,0.0,0.9767234479386208,4.602425116102628,1.87,6.49,3.703,53.5
102,PNBN IJ Equity,BANK PAN INDONESIA TBK PT,Financials,2022,0.951441774584296,2.4600000381469727,0.0,2.288665771484375,0.0,0.0,0.0,0.0,0.0,0.0,0.0,1.0620914697647095,0.0,1.0,0.0,5.7487897872924805,2.5072484016418457,9.0903959274292,8.06210994720459,2675.9150167856924,30.770851556509854,13699.09595666473,0.0,1.45920685535292,6.5520538961898716,5.51,5.86,5.307,50.9
103,PNBN IJ Equity,BANK PAN INDONESIA TBK PT,Financials,2023,0.9073638993260892,2.450000047683716,0.0,2.310526132583618,0.0,0.0,0.0,0.0,0.0,0.0,0.0,1.0620914697647095,0.0,1.0,0.0,5.732621192932129,2.384737491607666,9.0903959274292,7.596480846405029,2676.078361616408,54.051297740107216,14423.72985966736,0.0,1.1655850042706857,5.214718985840915,2.61,5.32,5.048,52.2
104,BNLI IJ Equity,BANK PERMATA TBK PT,Financials,2018,0.9677865022369652,3.2100000381469727,0.0,0.0,0.0,0.0,0.0,0.0,0.0,0.0,0.0,7.194950103759766,0.0,9.814241409301758,0.0,4.781404972076416,1.9816298484802246,7.7601470947265625,7.285970687866211,2682.9631868660363,32.85522460067586,10597.68947113052,0.0,0.5983980491999574,4.100075020484999,3.13,5.24,5.174,51.2
105,BNLI IJ Equity,BANK PERMATA TBK PT,Financials,2019,1.07083700780757,3.2300000190734863,0.0,0.0,0.0,0.0,0.0,0.0,0.0,0.0,0.0,7.232706546783447,0.0,9.814241409301758,0.0,4.836199760437012,1.7434536218643188,7.7601470947265625,7.278656959533691,2683.1269419433597,41.93802802979413,11659.656171011771,0.0,0.954635306131457,6.454909258947877,2.72,5.18,5.019,49.5
106,BNLI IJ Equity,BANK PERMATA TBK PT,Financials,2020,1.250941227040455,3.309999942779541,0.0,0.0,0.0,0.0,0.0,0.0,0.0,0.0,0.0,7.744688987731934,0.0,9.814241409301758,0.0,4.886114597320557,2.5043699741363525,7.136406421661377,8.086859703063965,2682.7994517759066,34.41349293398252,14199.360646319568,0.0,0.4017998283833906,2.441555894636574,1.68,7.07,-2.066,51.3
107,BNLI IJ Equity,BANK PERMATA TBK PT,Financials,2021,1.0807435680207704,3.440000057220459,0.0,0.08427222073078156,0.0,0.0,0.0,0.0,0.0,0.0,0.0,8.123595237731934,0.0,9.814241409301758,0.0,5.275518417358398,2.515354871749878,7.136406421661377,8.075786590576172,2683.618327135096,34.336712349457024,16460.358311679192,0.0,0.5698275206118296,3.434817009122028,1.87,6.49,3.703,53.5
108,BNLI IJ Equity,BANK PERMATA TBK PT,Financials,2022,0.9964985775772992,3.390000104904175,0.0,0.08427222073078156,0.0,0.0,0.0,0.0,0.0,0.0,0.0,8.347787857055664,0.0,9.814241409301758,0.0,5.2134881019592285,2.4935786724090576,7.136406421661377,5.668990612030029,2683.290717011537,36.73828276141856,16451.439414457986,0.0,0.8226549170015948,5.424722532380136,5.51,5.86,5.307,50.9
109,BNLI IJ Equity,BANK PERMATA TBK PT,Financials,2023,0.9739535183895247,3.440000057220459,0.0,0.08427222073078156,0.0,0.0,0.0,0.0,0.0,0.0,0.0,7.977748870849609,0.0,9.814241409301758,0.0,5.213401794433594,2.658468008041382,7.136406421661377,5.652441024780273,2683.454512074228,45.371291519407144,16725.8411512474,0.0,1.0087541197253647,6.662107867026933,2.61,5.32,5.048,52.2
110,BBRI IJ Equity,BANK RAKYAT INDONESIA PERSER,Financials,2018,1.203886984685766,2.109999895095825,0.0,0.1809789538383484,0.0,0.0,0.0,0.0,0.0,0.0,0.0,4.145632743835449,0.0,1.0,0.0,6.461817741394043,3.3584823608398438,5.200429916381836,4.315664291381836,38479.42915304485,64.56969276713909,89893.83045678242,0.0,2.6701753175794267,18.501355212549964,3.13,5.24,5.174,51.2
111,BBRI IJ Equity,BANK RAKYAT INDONESIA PERSER,Financials,2019,1.234444531999532,2.1500000953674316,0.0,0.1809789538383484,0.0,0.0,0.0,0.0,0.0,0.0,0.0,4.411588191986084,0.0,1.0,0.0,7.058370590209961,3.094099283218384,5.200429916381836,4.323784828186035,38481.77775101562,66.51875502767602,102315.21918105005,0.0,2.533305228186064,17.659083369042698,2.72,5.18,5.019,49.5
112,BBRI IJ Equity,BANK RAKYAT INDONESIA PERSER,Financials,2020,1.2075962873061135,2.049999952316284,0.0,0.2862977981567383,0.0,0.0,0.0,0.0,0.0,0.0,0.0,4.15466833114624,0.0,1.0,0.0,5.970449924468994,2.546198844909668,5.200429916381836,4.3238139152526855,38477.08084173319,68.12425521997308,108567.65730700179,0.0,1.27398659471361,9.241866133598876,1.68,7.07,-2.066,51.3
113,BBRI IJ Equity,BANK RAKYAT INDONESIA PERSER,Financials,2021,1.1990986746165526,2.799999952316284,0.0,0.2862977981567383,0.0,0.0,0.0,0.0,0.0,0.0,0.0,4.179436683654785,0.0,9.814241409301758,0.0,6.28881311416626,2.4442853927612305,5.200429916381836,4.140085697174072,38488.82526540748,57.23513185332397,117852.21813329589,0.0,1.9478083323228688,12.781645732042918,1.87,6.49,3.703,53.5
114,BBRI IJ Equity,BANK RAKYAT INDONESIA PERSER,Financials,2022,1.2395935900910489,2.9600000381469727,0.0,0.5265164375305176,0.0,0.0,0.0,0.0,0.0,0.0,0.0,4.383033275604248,0.0,9.814241409301758,0.0,6.91633939743042,2.325472116470337,5.200429916381836,4.07827615737915,38484.126635697976,53.664997077064314,120309.4737860321,0.0,2.8879296458258583,17.404009843774592,5.51,5.86,5.307,50.9
115,BBRI IJ Equity,BANK RAKYAT INDONESIA PERSER,Financials,2023,1.2808713099771711,3.1500000953674316,0.0,0.7132365703582764,0.0,0.0,0.0,0.0,0.0,0.0,0.0,5.112700939178467,0.0,10.0,0.0,6.909615516662598,2.840399742126465,5.200429916381836,4.034976482391357,38486.47580714442,57.09004712332626,127664.17814449065,0.0,3.137844758948284,19.683654554633538,2.61,5.32,5.048,52.2
116,BRIS IJ Equity,BANK SYARIAH INDONESIA TBK P,Financials,2018,1.0019625350307984,1.6299999952316284,0.0,0.0,0.0,0.0,0.0,0.0,0.0,0.0,0.0,2.7943918704986572,0.0,1.0,0.0,5.753167629241943,1.1598769426345825,6.33203649520874,8.1014404296875,7601.403867720475,35.98706093931533,2624.8823040133084,0.0,0.3071490187489264,2.794423369033883,3.13,5.24,5.174,51.2
117,BRIS IJ Equity,BANK SYARIAH INDONESIA TBK P,Financials,2019,0.9563644168658157,1.4700000286102295,0.0,0.0,0.0,0.0,0.0,0.0,0.0,0.0,0.0,1.0620914697647095,0.0,1.0,0.0,5.504621505737305,1.032626748085022,6.33203649520874,8.062313079833984,7601.867820593261,19.96839251923532,3114.283815989023,0.0,0.18277210658520746,1.4635367460114392,2.72,5.18,5.019,49.5
118,BRIS IJ Equity,BANK SYARIAH INDONESIA TBK P,Financials,2020,1.0022247106604931,2.2200000286102295,0.0,0.0,0.0,0.0,0.0,0.0,0.0,0.0,0.0,1.0620914697647095,0.0,1.0,0.0,5.138846397399902,1.032626748085022,6.33203649520874,8.031765937805176,7600.939971475649,10.865433680362248,17205.136373429083,0.0,1.5476549103416675,16.30676637006772,1.68,7.07,-2.066,51.3
119,BRIS IJ Equity,BANK SYARIAH INDONESIA TBK P,Financials,2021,1.1816743941698076,2.2300000190734863,0.0,0.3794267177581787,0.0,0.0,0.0,0.0,0.0,0.0,0.0,4.466913223266602,0.0,1.0,0.0,5.437554836273193,4.394869804382324,7.136406421661377,8.102034568786621,7603.2600190830835,7.116189720497383,18631.15956176698,0.0,1.1995964787848958,12.952926336566062,1.87,6.49,3.703,53.5
120,BRIS IJ Equity,BANK SYARIAH INDONESIA TBK P,Financials,2022,1.0850467846412921,2.240000009536743,0.0,0.9324995875358582,0.0,0.0,0.0,0.0,0.0,0.0,0.0,4.456429481506348,0.0,1.0,0.0,5.1005778312683105,5.155618190765381,7.136406421661377,8.101945877075195,7602.3318301043755,13.54422140053561,19715.447088411685,0.0,1.4921396696056002,14.559860548593473,5.51,5.86,5.307,50.9
121,BRIS IJ Equity,BANK SYARIAH INDONESIA TBK P,Financials,2023,1.1174291820673978,3.8499999046325684,0.0,1.3842852115631104,0.0,0.0,0.0,0.0,0.0,0.0,0.0,4.061703205108643,0.0,2.0,0.0,4.538411617279053,5.099813461303711,7.136406421661377,8.101229667663574,7602.7958962641915,7.3939519691218605,22974.540280665282,0.0,1.7301067681401807,15.790059485663946,2.61,5.32,5.048,52.2
122,SMMA IJ Equity,SINAR MAS MULTIARTHA PT,Financials,2018,1.3540826829198414,0.7099999785423279,0.0,0.0,0.0,0.0,0.0,0.0,0.0,0.0,0.0,0.631313145160675,0.0,0.0,0.0,2.848451852798462,1.552252173423767,5.200429916381836,2.3410146236419678,6023.72921046689,119.18080263637827,6977.434740417274,-1.5151573738369932,1.3949431705327127,7.321473277671421,3.13,5.24,5.174,51.2
123,SMMA IJ Equity,SINAR MAS MULTIARTHA PT,Financials,2019,1.7745398652499447,0.7099999785423279,0.0,0.0,0.0,0.0,0.0,0.0,0.0,0.0,0.0,0.631313145160675,0.0,0.0,0.0,2.730278968811035,1.5530884265899658,5.200429916381836,2.7408969402313232,6024.096869720459,30.95189551522389,7194.688885679208,-1.5151573738369932,4.972917340736634,25.39474700372019,2.72,5.18,5.019,49.5
124,SMMA IJ Equity,SINAR MAS MULTIARTHA PT,Financials,2020,1.4873875464069088,0.7900000214576721,0.0,0.0,0.0,0.0,0.0,0.0,0.0,0.0,0.0,0.631313145160675,0.0,1.0,0.0,2.518186092376709,1.679269552230835,5.200429916381836,2.7408969402313232,6023.361596088124,37.02156592342266,7749.59289048474,-1.5151573738369932,-0.019470175134919186,-0.10157827930195751,1.68,7.07,-2.066,51.3
125,SMMA IJ Equity,SINAR MAS MULTIARTHA PT,Financials,2021,1.464192408211577,0.8899999856948853,0.0,0.0,0.0,0.0,0.0,0.0,0.0,0.0,0.0,2.097440004348755,0.0,1.0,0.0,2.1817896366119385,2.9399685859680176,5.200429916381836,2.5915606021881104,6025.200116812161,33.142774447022084,8252.686213919518,-1.5151573738369932,0.8411738496342078,4.708868528822772,1.87,6.49,3.703,53.5
126,SMMA IJ Equity,SINAR MAS MULTIARTHA PT,Financials,2022,1.5131657441590254,1.0,0.0,0.0,0.0,0.0,0.0,0.0,0.0,0.0,0.0,3.467365264892578,0.0,1.0,0.0,3.014397144317627,2.9399685859680176,5.200429916381836,2.8113160133361816,6024.464573857047,45.216624583000005,7377.752176436447,-1.5151573738369932,0.7283327406351524,4.072405684731409,5.51,5.86,5.307,50.9
127,SMMA IJ Equity,SINAR MAS MULTIARTHA PT,Financials,2023,1.614669798446923,1.149999976158142,0.0,0.0,0.0,0.0,0.0,0.0,0.0,0.0,0.0,4.4149909019470215,0.0,1.0,0.0,4.7377753257751465,2.9399685859680176,5.200429916381836,2.8113160133361816,6024.832322884874,47.81440282487746,7404.236616424117,-1.5151573738369932,1.0237173021116133,5.3764154504436945,2.61,5.32,5.048,52.2
128,KLBF IJ Equity,KALBE FARMA TBK PT,Health Care,2018,4.120582185471887,2.4600000381469727,0.0,4.460237503051758,0.0,0.0,3.5264225006103516,0.0,0.0,5.481561183929443,0.0,1.1389743089675903,1.2000000476837158,0.0,0.0,6.304441928863525,1.6717079877853394,7.7601470947265625,5.811863899230957,3533.15689996033,2.3368235149204515,1257.794839215984,-0.7595763937935,14.136686832976405,17.611135735527082,3.13,5.24,5.174,51.2
129,KLBF IJ Equity,KALBE FARMA TBK PT,Health Care,2019,3.9630091653527257,3.7100000381469727,0.0,3.9041855335235596,0.0,0.0,3.318244695663452,0.0,0.0,4.52739143371582,0.0,3.7514193058013916,4.039521217346191,0.0,0.0,7.144380569458008,1.6692287921905518,7.7601470947265625,5.834409236907959,3533.8039192925166,4.889655250860013,1463.4741722094318,-0.7595763937935,13.05234929625882,16.428867280318862,2.72,5.18,5.019,49.5
130,KLBF IJ Equity,KALBE FARMA TBK PT,Health Care,2020,3.3030374557370004,3.9800000190734863,0.0,3.9838178157806396,0.0,0.0,3.4329538345336914,0.0,0.0,4.566934108734131,0.0,3.1189334392547607,6.058117866516113,0.0,0.0,7.546658992767334,1.6020928621292114,7.7601470947265625,5.836257457733154,3532.9412794977425,6.33514262102417,1620.4165398471812,-0.7595763937935,12.763586028286753,16.41663610716197,1.68,7.07,-2.066,51.3
131,KLBF IJ Equity,KALBE FARMA TBK PT,Health Care,2021,3.186507230041894,4.039999961853027,0.0,4.009437561035156,0.0,0.0,3.6256017684936523,0.0,0.0,4.408570766448975,0.0,4.209217071533203,6.058117866516113,0.0,0.0,7.508003234863281,1.6699070930480957,7.7601470947265625,5.831844329833984,3534.0196450674566,2.9444122123164234,1802.5588283075358,-0.7595763937935,13.201573964008098,17.215715650130242,1.87,6.49,3.703,53.5
132,KLBF IJ Equity,KALBE FARMA TBK PT,Health Care,2022,3.8004917568947265,3.9600000381469727,0.0,3.988865852355957,0.0,0.0,3.6207025051116943,0.0,0.0,4.3711395263671875,0.0,4.769615173339844,6.058117866516113,0.0,0.0,6.826658725738525,1.9701775312423706,7.7601470947265625,4.100785732269287,3533.5882198528966,5.284429329124754,1756.710712947314,-0.7595763937935,12.785261516413101,16.925967302047358,5.51,5.86,5.307,50.9
133,KLBF IJ Equity,KALBE FARMA TBK PT,Health Care,2023,2.9607351928139236,4.53000020980835,0.0,4.235202312469482,0.0,0.0,3.8950698375701904,0.0,0.0,4.586758136749268,3.0,4.596880912780762,6.058117866516113,0.0,0.0,6.635005950927734,2.642784833908081,7.7601470947265625,5.054279804229736,3533.8039192925166,2.6886961765925212,1757.8981407434383,-0.7595763937935,10.19081048634026,13.236738642488946,2.61,5.32,5.048,52.2
134,SILO IJ Equity,SILOAM INTERNATIONAL HOSPITA,Health Care,2018,0.9415206240345931,1.2999999523162842,0.0,3.0218570232391357,0.0,0.0,2.164400339126587,0.0,0.0,6.688727378845215,0.0,0.0,0.0,0.0,0.0,2.219799280166626,1.5851845741271973,6.33203649520874,4.320607662200928,2428.9742142203236,2.819268048459039,533.3709017813821,-0.061072549432249684,0.21165100734343453,0.2572825779771551,3.13,5.24,5.174,51.2
135,SILO IJ Equity,SILOAM INTERNATIONAL HOSPITA,Health Care,2019,1.6920622530768756,1.4600000381469727,0.0,2.2343053817749023,0.0,0.0,1.9996013641357422,0.0,0.0,4.264060974121094,0.0,1.7230297327041626,0.0,0.0,0.0,3.4801692962646484,1.930774450302124,6.33203649520874,4.385817050933838,2429.1224670410156,4.1996893288069295,559.0945331118654,-0.061072549432249684,-4.3891696191497624,-5.541026695791628,2.72,5.18,5.019,49.5
136,SILO IJ Equity,SILOAM INTERNATIONAL HOSPITA,Health Care,2020,1.3534677677908338,1.6200000047683716,0.0,1.014342188835144,0.0,0.0,0.14446520805358887,0.0,0.0,2.9771313667297363,0.0,5.392397880554199,0.0,0.0,0.0,6.112143039703369,2.9399685859680176,6.33203649520874,4.979921817779541,2428.8259794946907,10.049083057372679,605.2266427289048,-0.061072549432249684,1.436810629947142,1.9516570763634995,1.68,7.07,-2.066,51.3
137,SILO IJ Equity,SILOAM INTERNATIONAL HOSPITA,Health Care,2021,1.7976291680884966,3.119999885559082,0.0,0.9396282434463501,0.0,0.0,0.20645736157894135,0.0,0.0,2.6033594608306885,0.0,5.182332992553711,0.0,9.814241409301758,0.0,6.022846698760986,2.9385409355163574,6.33203649520874,4.977744102478027,2429.5673341065867,8.654660019969523,653.4394971556992,-0.061072549432249684,7.60334954009411,10.868534596207684,1.87,6.49,3.703,53.5
138,SILO IJ Equity,SILOAM INTERNATIONAL HOSPITA,Health Care,2022,1.969811664084658,3.549999952316284,0.0,1.0397783517837524,0.0,0.0,0.14451515674591064,0.0,0.0,3.0679736137390137,0.0,4.788602352142334,0.0,9.814241409301758,0.0,6.407333850860596,3.109180212020874,6.33203649520874,4.976223945617676,2429.2707379600806,7.267653962217219,623.3057328948216,-0.061072549432249684,7.343148974690308,10.397274267434742,5.51,5.86,5.307,50.9
139,SILO IJ Equity,SILOAM INTERNATIONAL HOSPITA,Health Care,2023,2.8571730498334467,3.5299999713897705,0.0,2.0793957710266113,0.0,0.0,2.3768482208251953,0.0,0.0,3.3181934356689453,0.0,5.968533039093018,0.0,9.814241409301758,0.0,5.473347187042236,2.936491012573242,6.33203649520874,4.975745677947998,2429.4190269808328,8.040982469883081,713.4915540540541,-0.061072549432249684,11.732881743910594,16.29040936935609,2.61,5.32,5.048,52.2
140,ASII IJ Equity,ASTRA INTERNATIONAL TBK PT,Industrials,2021,1.1598189351748247,3.119999885559082,3.0,3.762742519378662,0.0,0.0,5.107393741607666,0.0,0.0,2.838160276412964,0.0,0.0,3.0,2.0,0.0,4.559414863586426,2.669671058654785,6.33203649520874,7.805540084838867,12060.29786479458,33.618254759641026,25796.123323267086,0.8085223084965976,5.725187593725993,12.325343667515982,1.87,6.49,3.703,53.5
141,ASII IJ Equity,ASTRA INTERNATIONAL TBK PT,Industrials,2022,1.0934297923720715,3.759999990463257,3.0,4.161276340484619,0.0,0.0,5.0585784912109375,0.0,0.0,4.1872992515563965,0.0,0.0,3.0,8.548160552978516,0.0,4.690639495849609,2.73962140083313,6.33203649520874,6.613776206970215,12058.825570603676,29.017314951583785,26652.28606435803,0.8085223084965976,7.415757973272116,15.894781641702934,5.51,5.86,5.307,50.9
142,ASII IJ Equity,ASTRA INTERNATIONAL TBK PT,Industrials,2023,1.0675196166770256,3.8299999237060547,3.0,4.049088478088379,0.0,0.0,4.963265895843506,0.0,0.0,3.9299402236938477,0.0,0.0,3.0,9.814241409301758,0.0,5.0367231369018555,2.5623581409454346,6.33203649520874,6.745621681213379,12059.56167276279,37.26169844020797,28955.236486486487,0.8085223084965976,7.878916291025593,17.318607305351833,2.61,5.32,5.048,52.2
143,DCII IJ Equity,DCI INDONESIA TBK PT,Information Technology,2021,35.63358126619319,2.7699999809265137,0.0,4.103518486022949,0.0,3.0,3.7891275882720947,0.0,7.041035175323486,0.0,0.0,0.0,0.0,0.0,0.0,7.277886390686035,0.9030200242996216,5.746394157409668,2.863804817199707,5995.380689823576,114.02835004452842,210.09993679331416,0.6905750223210789,9.633587912831931,27.025202752849292,1.87,6.49,3.703,53.5
144,DCII IJ Equity,DCI INDONESIA TBK PT,Information Technology,2022,27.789287102758482,3.1500000953674316,0.0,4.01943826675415,0.0,3.0,3.6008143424987793,0.0,7.041035175323486,0.0,0.0,0.0,0.0,0.0,0.0,7.243337154388428,0.9030200242996216,5.746394157409668,2.8096396923065186,5994.648787157419,81.92256230613609,207.49106854968724,0.6905750223210789,11.848333523106202,26.27301170544017,5.51,5.86,5.307,50.9
145,DCII IJ Equity,DCI INDONESIA TBK PT,Information Technology,2023,28.309099318805682,3.180000066757202,0.0,4.096889019012451,0.0,3.0,3.7741997241973877,0.0,7.041035175323486,0.0,0.0,0.0,0.0,0.0,0.0,7.207988739013672,0.9030200242996216,5.746394157409668,2.813988208770752,5995.0147161518735,51.42150932282109,238.85680873180874,0.6905750223210789,14.918143882955267,27.91095537238887,2.61,5.32,5.048,52.2
146,ADMR IJ Equity,ADARO MINERALS INDONESIA TBK,Materials,2022,4.057736738676088,1.3899999856948853,0.0,0.4341621398925781,0.0,1.5,0.0,0.0,0.0,2.2973780632019043,0.0,0.0,1.0,0.0,0.0,2.4927775859832764,1.5530436038970947,6.33203649520874,4.248311519622803,2622.10299157046,85.98054256866934,1286.624764,-0.04456333924066855,29.499310302056198,90.190348446964,5.51,5.86,5.307,50.9
147,ADMR IJ Equity,ADARO MINERALS INDONESIA TBK,Materials,2023,2.554737873176221,2.5,0.0,1.9057753086090088,0.0,1.5,1.1721630096435547,3.0,0.0,2.062497615814209,0.0,0.0,1.0,0.0,0.19915100932121277,4.036564350128174,1.5469664335250854,6.33203649520874,4.248311519622803,2620.3423315224027,40.82205670416227,1695.419616,-0.26699000036899767,29.578493127590544,58.38120968747196,2.61,5.32,5.048,52.2
148,AMMN IJ Equity,AMMAN MINERAL INTERNASIONAL,Materials,2023,3.8921293463934576,5.920000076293945,0.0,4.350478172302246,0.0,0.0,6.42380952835083,1.5934044122695923,4.764535903930664,3.8452396392822266,0.0,10.0,1.0,0.0,9.71699047088623,4.033714294433594,2.4511585235595703,5.746394157409668,3.369386911392212,36298.94913802954,69.36342975852892,9097.053,1.5327412723630818,3.233441985040791,6.242178523869751,2.61,5.32,5.048,52.2
149,BRPT IJ Equity,BARITO PACIFIC TBK PT,Materials,2018,1.2466382907869218,1.4600000381469727,0.0,0.8193550705909729,0.0,0.0,1.9722479581832886,0.0,5.788879871368408,0.0,0.0,0.0,0.0,0.0,0.0,4.469422340393066,0.0,7.136406421661377,4.3238139152526855,5464.058177114433,98.2260453390436,7042.491,6.618670199261268,1.3518608863162034,6.432462087072377,3.13,5.24,5.174,51.2
150,BRPT IJ Equity,BARITO PACIFIC TBK PT,Materials,2019,2.1737373353500096,1.7999999523162842,0.0,1.2023366689682007,0.0,0.0,1.1550472974777222,0.0,7.451961040496826,3.737511157989502,0.0,0.0,0.0,0.0,0.0,4.846896648406982,0.0,7.136406421661377,4.063495635986328,5465.058798194359,92.0115233033373,7182.435,6.618670199261268,0.620460169704925,3.7551822024956265,2.72,5.18,5.019,49.5
151,BRPT IJ Equity,BARITO PACIFIC TBK PT,Materials,2020,1.7726372518821867,1.9500000476837158,0.0,1.2644110918045044,0.0,0.0,0.9318221807479858,0.0,7.3565287590026855,4.693243980407715,0.0,0.0,0.0,0.0,0.0,4.804592132568359,0.0,7.136406421661377,4.3238139152526855,5463.724718175271,97.2267909541808,7689.515,6.618670199261268,0.5698378491051946,3.3779630818043755,1.68,7.07,-2.066,51.3
152,BRPT IJ Equity,BARITO PACIFIC TBK PT,Materials,2021,1.414979381239892,2.690000057220459,0.0,1.9839016199111938,0.0,0.0,1.8469889163970947,0.34239599108695984,7.509842872619629,4.53640079498291,0.0,0.0,1.0,0.0,0.0,4.762885570526123,1.5523462295532227,7.136406421661377,4.979921817779541,5465.392419999999,72.50087900368035,9241.551,6.618670199261268,1.2889324275270087,7.078129931022047,1.87,6.49,3.703,53.5
153,BRPT IJ Equity,BARITO PACIFIC TBK PT,Materials,2022,1.321720870002581,3.2100000381469727,0.0,3.3752944469451904,0.0,7.949489593505859,2.7830703258514404,3.822190761566162,7.414254665374756,5.2452006340026855,0.0,0.0,1.0,0.0,0.0,4.698672294616699,0.0,7.136406421661377,4.979921817779541,5464.725217116523,106.67893281302518,9248.254,6.618670199261268,0.019026701471432497,0.1056502460317341,5.51,5.86,5.307,50.9
154,BRPT IJ Equity,BARITO PACIFIC TBK PT,Materials,2023,1.630182488555899,3.130000114440918,0.0,3.273054838180542,0.0,1.589897918701172,2.352445602416992,3.5967113971710205,7.155366897583008,5.890903949737549,0.0,0.0,1.0,0.0,0.0,4.65981388092041,0.0,7.136406421661377,5.261209011077881,5465.058798194359,103.89941071453323,10149.666,6.618670199261268,0.26926598315695704,1.5981186797101774,2.61,5.32,5.048,52.2
155,TPIA IJ Equity,CHANDRA ASRI PACIFIC TBK PT,Materials,2021,2.637481433010052,3.75,5.0,2.4683971405029297,0.0,0.0,3.2464044094085693,1.432172179222107,7.172308921813965,7.47988748550415,0.0,0.0,1.0,0.0,10.0,5.126604080200195,3.110384464263916,7.7601470947265625,4.979921817779541,35648.1856678469,36.70684664678811,4993.06,15.897960243801077,3.540005219659506,6.411842751946403,1.87,6.49,3.703,53.5
156,TPIA IJ Equity,CHANDRA ASRI PACIFIC TBK PT,Materials,2022,3.3392544726970153,3.7899999618530273,5.0,2.573335886001587,0.0,0.0,3.285682439804077,1.4685932397842407,6.5178656578063965,7.317721843719482,0.0,0.0,1.0,0.0,10.0,4.657059192657471,3.110384464263916,7.7601470947265625,5.717126369476318,35643.83381706647,52.368369153745,4929.871,15.897960243801077,-3.013988508032556,-5.2154233368030045,5.51,5.86,5.307,50.9
157,TPIA IJ Equity,CHANDRA ASRI PACIFIC TBK PT,Materials,2023,5.767833231580471,4.489999771118164,5.0,3.666414737701416,0.75,0.0,2.7544543743133545,6.093069553375244,6.31618070602417,7.414572238922119,0.0,0.0,2.0,0.0,10.0,4.391876220703125,3.110004186630249,7.7601470947265625,4.960748195648193,35646.00960963253,58.14158789538728,5614.452,15.897960243801077,-0.6368545424869856,-1.211123026595578,2.61,5.32,5.048,52.2
158,MBMA IJ Equity,MERDEKA BATTERY MATERIALS TB,Materials,2023,1.7346851362013858,3.140000104904175,0.0,4.249136924743652,8.75,0.0,1.7602624893188477,2.8970422744750977,6.238293647766113,5.111031532287598,0.0,0.0,1.0,0.0,0.19915100932121277,3.8987696170806885,0.0,5.200429916381836,2.863804817199707,2781.9599070809427,21.320403306052565,3263.076419,2.5970626135520933,0.24377433812462468,0.5568017993081295,2.61,5.32,5.048,52.2
159,MDKA IJ Equity,MERDEKA COPPER GOLD TBK PT,Materials,2018,1.8127790721251285,2.1600000858306885,0.0,2.6625049114227295,0.0,1.0,5.508842945098877,0.0,6.492133140563965,1.0974937677383423,0.0,0.0,0.0,0.0,0.0,1.771695852279663,1.0871546268463135,5.746394157409668,7.2350006103515625,2389.793959938969,37.16331675311764,797.809378,3.364461909868541,8.981772724381045,19.273778311416077,3.13,5.24,5.174,51.2
160,MDKA IJ Equity,MERDEKA COPPER GOLD TBK PT,Materials,2019,2.252029625628588,2.640000104904175,0.0,3.1852879524230957,0.0,4.669314861297607,6.205260276794434,0.34239599108695984,3.0364773273468018,3.9970977306365967,0.0,0.0,0.0,0.0,0.0,2.340682029724121,2.9388766288757324,5.746394157409668,6.646933555603027,2390.231597704798,28.61815482230235,951.253163,3.364461909868541,8.09886683177214,16.69898023875742,2.72,5.18,5.019,49.5
161,MDKA IJ Equity,MERDEKA COPPER GOLD TBK PT,Materials,2020,4.50232863347834,3.130000114440918,0.0,4.333308696746826,0.0,5.529952049255371,7.147838592529297,2.405367374420166,4.721273899078369,4.502477645874023,0.0,0.0,0.0,0.0,0.0,1.8864054679870605,2.675743579864502,5.746394157409668,7.2881178855896,2389.648116294398,47.755066802306686,929.606638,3.364461909868541,3.848892190768875,7.0424709342663165,1.68,7.07,-2.066,51.3
162,MDKA IJ Equity,MERDEKA COPPER GOLD TBK PT,Materials,2021,5.2936901652173916,3.2799999713897705,0.0,4.720467567443848,0.0,4.688131332397461,6.691604137420654,5.288315773010254,4.968101978302002,5.345019817352295,0.0,0.0,1.0,0.0,0.0,1.6981627941131592,3.1005237102508545,5.746394157409668,8.062313079833984,2390.3775125816496,48.47307091710131,1278.592659,3.364461909868541,3.273135450146826,5.600481907651496,1.87,6.49,3.703,53.5
163,MDKA IJ Equity,MERDEKA COPPER GOLD TBK PT,Materials,2022,2.3889751089452886,3.390000104904175,0.0,4.478425979614258,2.5,3.4893300533294678,4.754954814910889,5.260219573974609,6.265124797821045,4.263644218444824,0.0,0.0,1.0,0.0,1.7639076709747314,2.0656557083129883,3.3176701068878174,5.746394157409668,5.710114479064941,2390.0857006409083,69.72604333958424,3876.665735,3.364461909868541,2.2665477667616596,6.643694652406622,5.51,5.86,5.307,50.9
164,MDKA IJ Equity,MERDEKA COPPER GOLD TBK PT,Materials,2023,1.662926466723044,3.2699999809265137,0.0,3.923314332962036,2.5,3.8753456592559816,3.6777844429016113,3.8440639972686768,5.804305553436279,5.6328253746032715,0.0,0.0,1.0,0.0,1.7639076709747314,2.6017279624938965,3.050326108932495,5.746394157409668,5.705690860748291,2390.231597704798,57.2534957388237,4964.258915,3.364461909868541,-0.46731833643667575,-2.140616430059682,2.61,5.32,5.048,52.2
165,PANI IJ Equity,PANTAI INDAH KAPUK DUA TBK P,Materials,2021,1.01754681272597,3.059999942779541,0.0,2.1333212852478027,0.0,0.0,5.5524516105651855,1.58799409866333,2.477010726928711,4.107557773590088,0.0,5.669468879699707,1.0,0.0,0.0,4.4515228271484375,0.9030200242996216,6.33203649520874,3.369386911392212,16001.332039405408,912.1043613000284,933.7916901467801,-3.297140116376598,0.024804017560499228,0.64681509308964,1.87,6.49,3.703,53.5
166,PANI IJ Equity,PANTAI INDAH KAPUK DUA TBK P,Materials,2022,1.3819422088054563,3.2899999618530273,0.0,1.9641425609588623,0.0,0.0,5.578287601470947,2.1535518169403076,1.2273621559143066,2.2973780632019043,0.0,6.742588520050049,1.0,0.0,0.0,4.419577121734619,2.9399685859680176,6.33203649520874,3.369386911392212,15999.37863257645,20.382844521875906,1806.2766834332879,-3.297140116376598,0.6691082665848754,10.511792581118481,5.51,5.86,5.307,50.9
167,PANI IJ Equity,PANTAI INDAH KAPUK DUA TBK P,Materials,2023,2.8877477631618946,3.380000114440918,0.0,2.180755376815796,0.0,0.0,5.779984474182129,2.7862236499786377,1.624990701675415,2.062497615814209,0.0,6.573450088500977,1.0,0.0,0.0,4.247047424316406,2.9307632446289062,6.33203649520874,3.369386911392212,16000.355276370407,3.382741193599169,2190.2290471673596,-3.297140116376598,0.8750167400608775,3.5793739241409086,2.61,5.32,5.048,52.2
168,NCKL IJ Equity,TRIMEGAH BANGUN PERSADA TBK,Materials,2023,1.8744124459642828,4.539999961853027,0.0,4.45176887512207,5.0,0.0,5.1653523445129395,2.982184410095215,5.584752559661865,5.744753837585449,0.0,7.041035175323486,1.0,0.0,8.941121101379395,4.873651027679443,1.552220106124878,5.200429916381836,2.4270808696746826,2831.001770235625,30.236352449459027,2942.3743503118503,0.32064461436800995,14.06617883488654,34.074033759437114,2.61,5.32,5.048,52.2
169,INCO IJ Equity,VALE INDONESIA TBK,Materials,2018,1.1575538944108328,2.990000009536743,0.0,2.8311045169830322,5.0,4.701297760009766,4.510471343994141,0.34239599108695984,3.0,4.186150550842285,0.0,0.0,0.0,0.0,1.7639076709747314,3.4118587970733643,1.787341594696045,7.814576148986816,4.9397478103637695,2309.2967029026545,1.9386567161802106,2202.452,-2.749874735502662,2.758689230549,3.2681860087807655,3.13,5.24,5.174,51.2
170,INCO IJ Equity,VALE INDONESIA TBK,Materials,2019,1.2959132201744192,3.3399999141693115,0.0,3.662773609161377,5.0,6.290077209472656,3.0647943019866943,3.9972429275512695,3.0,4.208925247192383,0.0,0.0,0.0,0.0,1.7639076709747314,4.68369197845459,0.8875985145568848,7.814576148986816,5.102055072784424,2309.719599381028,0.05768162114196219,2222.688,-2.749874735502662,2.59426820394383,3.000977670425731,2.72,5.18,5.019,49.5
171,INCO IJ Equity,VALE INDONESIA TBK,Materials,2020,1.6868173326743565,4.079999923706055,0.0,3.950742721557617,5.0,6.520342826843262,4.020747184753418,3.9972429275512695,3.251458168029785,5.127255439758301,0.0,0.0,0.0,0.0,5.174588680267334,5.09114933013916,2.906423807144165,8.4633207321167,6.875496864318848,2309.1557718210665,0.003266699267665419,2314.658,-2.749874735502662,3.6505481398156547,4.18059141292521,1.68,7.07,-2.066,51.3
172,INCO IJ Equity,VALE INDONESIA TBK,Materials,2021,1.4469343380172597,3.799999952316284,0.0,4.152566432952881,5.0,7.201030731201172,5.907762050628662,3.0362589359283447,3.677272319793701,4.107557773590088,0.0,0.0,1.0,0.0,1.7639076709747314,5.199810981750488,2.9026362895965576,8.4633207321167,7.127098083496094,2309.860599295525,0.2205191925033686,2472.828,-2.749874735502662,6.9262656851633615,7.942696575117209,1.87,6.49,3.703,53.5
173,INCO IJ Equity,VALE INDONESIA TBK,Materials,2022,1.8256446267808266,4.329999923706055,0.0,5.102393627166748,5.0,8.465731620788574,6.01950740814209,3.1387946605682373,6.509995460510254,4.231916427612305,0.0,0.0,1.0,0.0,1.7639076709747314,5.813131809234619,2.934814453125,8.4633207321167,8.339553833007812,2309.5786166794846,0.243504701076109,2658.116,-2.749874735502662,7.811467051677042,8.888497591934396,5.51,5.86,5.307,50.9
174,INCO IJ Equity,VALE INDONESIA TBK,Materials,2023,1.0744336715371507,4.579999923706055,0.0,5.048011779785156,5.0,6.635696029663086,6.009590148925781,3.088609457015991,6.505704402923584,3.983548879623413,0.0,0.0,1.0,0.0,1.7639076709747314,6.217564582824707,2.9197540283203125,8.4633207321167,7.3654351234436035,2309.719599381028,0.33616204406487404,2925.999,-2.749874735502662,9.825513980281567,11.153359609392135,2.61,5.32,5.048,52.2
175,BREN IJ Equity,BARITO RENEWABLES ENERGY TBK,Utilities,2023,19.392291333253528,1.9900000095367432,0.0,0.8114241361618042,0.0,0.0,0.0,3.4578020572662354,3.0,0.0,0.0,0.0,0.0,0.0,0.0,3.7870681285858154,1.5530884265899658,5.746394157409668,1.8004138469696045,78195.76709193017,305.57479341511635,3508.431,3.565461712169325,3.1125650213781118,33.799444316833785,2.61,5.32,5.048,52.2
176,PGAS IJ Equity,PERUSAHAAN GAS NEGARA TBK PT,Utilities,2018,1.1214989948750707,2.4600000381469727,1.5,0.29712069034576416,0.0,0.0,0.0,0.0,0.0,0.0,0.0,0.0,0.0,0.0,0.0,4.6317596435546875,2.848456621170044,0.0,5.834130764007568,2433.767530205676,107.75443234670729,7939.273167,0.059107429452684795,3.783438739289459,9.658584749011089,3.13,5.24,5.174,51.2
177,PGAS IJ Equity,PERUSAHAAN GAS NEGARA TBK PT,Utilities,2019,1.1654242518559625,2.559999942779541,1.5,0.29712069034576416,0.0,0.0,0.0,0.0,0.0,0.0,0.0,0.0,0.0,0.0,0.0,5.032398223876953,2.6288442611694336,0.0,5.837623119354248,2433.916075587158,84.92472039740325,7373.713156,0.059107429452684795,0.8827029368985874,2.6320848713250093,2.72,5.18,5.019,49.5
178,PGAS IJ Equity,PERUSAHAAN GAS NEGARA TBK PT,Utilities,2020,1.0829577511153214,2.619999885559082,1.5,0.29712069034576416,0.0,0.0,0.0,0.0,0.0,0.0,0.0,0.0,0.0,0.0,0.0,5.011539459228516,3.2612998485565186,0.0,5.837772846221924,2433.6190029549616,102.25271187347913,7533.986395,0.059107429452684795,-3.5521722596326293,-11.046033643234464,1.68,7.07,-2.066,51.3
179,PGAS IJ Equity,PERUSAHAAN GAS NEGARA TBK PT,Utilities,2021,0.9748526614026174,2.3499999046325684,1.5,0.29712069034576416,0.0,0.0,0.0,0.0,0.0,0.0,0.0,0.0,0.0,0.0,0.0,5.8952860832214355,3.2717325687408447,0.0,5.837772846221924,2434.3618205494167,89.81736511466029,7510.948902,0.059107429452684795,4.03888563163955,12.769768643345653,1.87,6.49,3.703,53.5
180,PGAS IJ Equity,PERUSAHAAN GAS NEGARA TBK PT,Utilities,2022,1.0162815681146402,2.2899999618530273,1.5,0.29712069034576416,0.0,0.0,0.0,0.0,0.0,0.0,0.0,0.0,0.0,0.0,0.0,5.9554595947265625,2.904259204864502,0.0,5.837772846221924,2434.064639102728,64.10765068535052,7194.859982,0.059107429452684795,4.436882045365768,12.646059263798817,5.51,5.86,5.307,50.9
181,PGAS IJ Equity,PERUSAHAAN GAS NEGARA TBK PT,Utilities,2023,0.860715701797434,3.5899999141693115,1.5,2.053968667984009,0.0,0.0,0.0,0.0,0.0,0.0,0.0,0.0,0.0,0.0,0.0,5.589879512786865,4.1385498046875,0.0,3.7888522148132324,2434.2132207557074,43.65473742815564,6599.238469,0.059107429452684795,4.032031234050527,10.428969180278859,2.61,5.32,5.048,52.2
